window_size,accuracy
10,56.77728328173375
25,56.627321981424146
50,58.45104489164086
100,59.9796826625387
150,59.336300309597526
200,58.68324303405572
