window_size,accuracy
10,58.74613003095975
25,57.991486068111456
50,58.7703173374613
100,58.94446594427244
150,62.441950464396285
200,61.50832043343653
